#TYPE System.Data.DataRow
"ServerName","GT1000","X"
"CSOVDEVSQL10","0","1"
"CSOVDEVSQL11","0","1"
"CSOVDEVSQL12","0","1"
"CSOVDEVSQL13","0","1"
"CSOVDEVSQL14\INS1","","1"
"CSOVDEVSQL14\INS2","","1"
"CSOVDEVSQL15","0","1"
"CSOVDEVSQL16","0","1"
"CSOVDEVSQL17","0","1"
"CSOVDEVSQL21","0","1"
"CSOVDEVSQL22","0","1"
"CSOVDEVSQL22\INS3","0","1"
"CSOVDEVSQL24\INS1","0","1"
"CSOVDEVSQL24\INS2","0","1"
"CSOVDEVSQL25\INS1","","1"
"CSOVDEVSQL27\INS1","","1"
"CSOVDEVSQL28\INS1","","1"
"CSOVDEVSQL29\INS1","0","1"
"CSOVDEVSQL34\INS1","","1"
"CSOVDEVSQL35I1\INS1","0","1"
"CSOVDEVSQL37\INS1","0","1"
"CSOVDEVSQL38\INS1","0","1"
"CSOVDEVSQL40\INS1","0","1"
"CSOVDEVSQL5","0","1"
"CSOVDEVSQLC30I1\INS1","0","1"
"CSOVDEVSQLC30I2\INS2","0","1"
"CSOVDEVSQLNICE1","0","1"
"CSOVDEVSQLNICE2","0","1"
"CSOVTSTSQL2","0","1"
"CSOVUATSQL13\INS1","","1"
"CSOVUATSQL15","0","1"
"CSOVUATSQL17","0","1"
"MELDVDEVSQL31","0","1"
"MELDVDEVSQL32","0","1"
"MELDVDEVSQL33\INS1","","1"
"MELDVDEVSQL36\INS1","0","1"
"MELDVDEVSQL39\INS1","0","1"
"MELDVDEVSQL39\INS2","0","1"
"MELDVDEVSQL39\INS3","","1"
"MELYDEVAPP741","0","1"
"MELYDEVAPP742","0","1"
"MELYDEVSCCMSQL1","","1"
"MELYVDEVSQL31","0","1"
"MELYVDEVSQL32","0","1"
"MELYVDEVSQL33\INS1","","1"
"MELYVDEVSQL36\INS1","0","1"
"MELYVDEVSQL39\INS1","0","1"
"MELYVDEVSQL39\INS2","0","1"
"MELYVDEVSQL39\INS3","0","1"
