Product,Environment,Region,Server,Database
CC,SYSTEST,AU,CSOVDEVSQL28\INS1,CC_AU_SYSTEST
CC,SYSTEST,NA,CSOVDEVSQL38\INS1,CC_NA_SYSTEST
CC,SYSTEST,UK,CSOVDEVSQL38\INS1,CC_UK_SYSTEST
CC,UAT,AU,CSOVDEVSQL35i1\INS1,CC_AU_UAT
CC,UAT,NA,CSACWEBSQLU10C\WEB,CC_NA_UAT
CC,UAT,UK,CSEVUQREPC1INS1\INS1,CC_UK_UAT
CC,SIT,AU,CSOVDEVSQL35i1\INS1,CC_SIT_AU
CC,SIT,NA,CSACWEBSQLU10C\WEB,CC_SIT_NA
CC,SIT,UK,CSEVUQREPC1INS1\INS1,CC_SIT_UK
CC,SITLNX,NA,CSACWEBSQLU10C\WEB,CC_SITLNX_NA
CC,HANDOVER,AU,CSOVDEVSQL35i1\INS1,CC_HANDOVER_AU
CC,HANDOVER,NA,CSACWEBSQLU10C\WEB,CC_HANDOVER_NA
CC,HANDOVER,UK,CSEVUQREPC1INS1\INS1,CC_HANDOVER_UK
CC,TRAINING,AU,CSOVDEVSQL35i1\INS1,CC_AU_TRAIN
CC,TRAINING,NA,CSACWEBSQLU10C\WEB,CC_NA_TRAIN
CC,TRAINING,UK,CSEVUQREPC1INS1\INS1,CC_UK_TRAIN
CC,CLIENT,AU,CSOVDEVSQL35i1\INS1,CC_CLIENT_DEV
CC,CLIENT,AU,CSOVDEVSQL35i1\INS1,CC_CLIENT_HANDOVER
CC,CLIENT,AU,CSOVDEVSQL35i1\INS1,CC_CLIENT_PROD
CC,CLIENT,AU,CSOVDEVSQL35i1\INS1,CC_CLIENT_SYSTEMTEST
CC,PRODCOPY,AU,CSOVDEVSQL35i1\INS1,CC_AU_PRODCOPY_2008
CC,PRODCOPY,NA,CSACWEBSQLU10C\WEB,CC_NA_PRODCOPY_2008
CC,PRODCOPY,UK,CSEVUQREPC1INS1\INS1,CC_UK_PRODCOPY_2008
GDE,DEV,AU,CSOVDEVSQL28\INS1,GDE_AluthwattaM_BASE_AU
GDE,DEV,AU,CSOVDEVSQL28\INS1,GDE_AluthwattaM_BASE_NA
GDE,DEV,AU,CSOVDEVSQL28\INS1,GDE_AluthwattaM_BASE_UK
GDE,DEV,AU,CSOVDEVSQL28\INS1,GDE_AluthwattaM_BASE_ALL
GDE,DEV,AU,CSOVDEVSQL28\INS1,GDE_AluthwattaM_DEV_AU
GDE,DEV,AU,CSOVDEVSQL28\INS1,GDE_AluthwattaM_DEV_NA
GDE,DEV,AU,CSOVDEVSQL28\INS1,GDE_AluthwattaM_DEV_UK
GDE,UAT,AU,"DEVSQLAG33L02,20000",GDE_AU_DATAVER
GDE,UAT,AU,"DEVSQLAG33L02,20000",GDE_AU_UAT_TSC
GDE,UAT,NA,COSSQLU20_L1,GDE_NA_ESB_SYSTEST
GDE,UAT,NA,COSSQLU20_L1,GDE_NA_WEB_DEV
GDE,UAT,NA,COSSQLU20_L1,GDE_NA_UAT3
GDE,UAT,NA,COSSQLU20_L1,GDE_NA_SIT_LNX
GDE,UAT,UK,"db-gde-uat.emea.cshare.net,18048",GDE_UK_UAT_TSC
GDE,UAT,UK,"db-gde-uat.emea.cshare.net,18048",GDE_UK_UAT_DSC
GDE,PRODCOPY,NA,COSSQLU20_L1,GDE_NA_PRODCOPY
GDE,PRODCOPY,UK,"db-gde-uat.emea.cshare.net,18048",GDE_UK_PRODCOPY
GDE,HANDOVER,AU,"DEVSQLAG33L02,20000",GDE_AU_HO_HOC
GDE,HANDOVER,AU,"DEVSQLAG33L02,20000",GDE_AU_HO_TSC
GDE,HANDOVER,UK,"db-gde-uat.emea.cshare.net,18048",GDE_UK_HO_TSC
GDE,HANDOVER,NA,COSSQLU20_L1,GDE_NA_HO_HOC
GDE,HANDOVER,NA,COSSQLU20_L1,GDE_NA_HO_TSC
CI,DEV_BASE,ALL,CSOVDEVSQL28\INS1,CI_AluthwattaM_BASE_ALL
CI,DEV_BASE,AU,CSOVDEVSQL28\INS1,CI_AluthwattaM_BASE_AU
CI,DEV_BASE,NA,CSOVDEVSQL28\INS1,CI_AluthwattaM_BASE_NA
CI,DEV_BASE,UK,CSOVDEVSQL28\INS1,CI_AluthwattaM_BASE_UK
CI,DEV_BASE,AU,CSOVDEVSQL28\INS1,CI_AluthwattaM_DEV
CI,PRODCOPY,AU,"CSOVDEVSQL28\INS1",CI_INVTEST
CI,PRODCOPY,NA,COSSQLU20_L1,CI_INVTEST
CI,PRODCOPY,UK,"DB-CI-UAT.EMEA.CSHARE.NET,18052",CI_INVTEST
CI,TRAINING,AU,"DEVSQLAG33L03,20000",CI_AU_Training_V3_8
CI,TRAINING,AU,"DEVSQLAG33L03,20000",CI_AU_Training_V4_3
CI,UAT,AU,"DEVSQLAG33L03,20000",CI_AU_UAT_WEB
CI,UAT,AU,"DEVSQLAG33L03,20000",CI_AU_UAT_ESB_TSC
CI,UAT,AU,"DEVSQLAG33L03,20000",CI_AU_UAT_WEB_HYC
CI,UAT,AU,"DEVSQLAG33L03,20000",CI_AU_UAT_WEB_LNX
CI,UAT,AU,"DEVSQLAG33L03,20000",CI_AU_UAT_BSG
CI,UAT,AU,"DEVSQLAG33L03,20000",CI_AU_UAT_REGTECH
CI,UAT,AU,"DEVSQLAG33L03,20000",CI_AU_UAT_DATAWH
CI,UAT,AU,"DEVSQLAG33L03,20000",CI_AU_UAT_IVP
CI,UAT,AU,"DEVSQLAG33L03,20000",CI_AU_UAT_INTONLN
CI,UAT,AU,"DEVSQLAG33L03,20000",CI_AU_SIT_WEB_LNX 
CI,HANDOVER,AU,"DEVSQLAG33L03,20000",CI_AU_HO_INTONLN
CI,HANDOVER,AU,"DEVSQLAG33L03,20000",CI_AU_HO_BSG
CI,HANDOVER,AU,"DEVSQLAG33L03,20000",CI_AU_HO_WEB
CI,HANDOVER,AU,"DEVSQLAG33L03,20000",CI_AU_HO_ESB_TSC
CI,HANDOVER,AU,"DEVSQLAG33L03,20000",CI_AU_HO_IVP
CI,HANDOVER,AU,"DEVSQLAG33L03,20000",CI_AU_HO_PRODSUPP
CI,HANDOVER,AU,"DEVSQLAG33L03,20000",CI_AU_HO_REGTECH
CI,HANDOVER,AU,"DEVSQLAG33L03,20000",CI_AU_HO_WEB_HYC
CI,UAT,NA,COSSQLU20_L1,CI_NA_UAT_ESB_SYSTEST_TSC
CI,UAT,NA,COSSQLU20_L1,CI_NA_UAT_HOTSTNA
CI,UAT,NA,COSSQLU20_L1,CI_NA_UAT_REGTECH
CI,UAT,NA,COSSQLU20_L1,CI_NA_UAT_WEB_DEV
CI,UAT,NA,COSSQLU20_L1,CI_NA_UAT_WEB_HOC_INV
CI,UAT,NA,COSSQLU20_L1,CI_NA_SIT_LNX
CI,HANDOVER,NA,COSSQLU20_L1,CI_NA_HO_ESB_SYSTEST_TSC
CI,HANDOVER,NA,COSSQLU20_L1,CI_NA_HO_HOTSTNA
CI,HANDOVER,NA,COSSQLU20_L1,CI_NA_HO_REGTECH
CI,HANDOVER,NA,COSSQLU20_L1,CI_NA_HO_WEB_DEV
CI,HANDOVER,NA,COSSQLU20_L1,CI_NA_HO_WEB_HOC_INV
CI,UAT,UK,"DB-CI-UAT.EMEA.CSHARE.NET,18052",CI_UK_UAT_DEV_WEB_TSC
CI,UAT,UK,"DB-CI-UAT.EMEA.CSHARE.NET,18052",CI_UK_UAT_ESB_SYSTEST_TSC
CI,UAT,UK,"DB-CI-UAT.EMEA.CSHARE.NET,18052",CI_UK_UAT_REGTECH
CI,UAT,UK,"DB-CI-UAT.EMEA.CSHARE.NET,18052",CI_UK_UAT_WEB_TSC
CI,HANDOVER,UK,"DB-CI-UAT.EMEA.CSHARE.NET,18052",CI_UK_HO_DEV_WEB_TSC
CI,HANDOVER,UK,"DB-CI-UAT.EMEA.CSHARE.NET,18052",CI_UK_HO_ESB_SYSTEST_TSC
CI,HANDOVER,UK,"DB-CI-UAT.EMEA.CSHARE.NET,18052",CI_UK_HO_REGTECH
CI,HANDOVER,UK,"DB-CI-UAT.EMEA.CSHARE.NET,18052",CI_UK_HO_WEB_TSC
CI,TESTER,AU,CSOVDEVSQL28\INS1,CI_AluthwattaM_TESTER_1
CI,TESTER,AU,CSOVDEVSQL28\INS1,CI_AluthwattaM_TESTER_2
CSB,DEV,AU,CSOVDEVSQL28\INS1,CSB_AluthwattaM_AU  
CSB,DEV,UK,CSOVDEVSQL28\INS1,CSB_AluthwattaM_UK
CSB,DEV,US,CSOVDEVSQL28\INS1,CSB_AluthwattaM_US
CSB,DEV,HK,CSOVDEVSQL28\INS1,CSB_AluthwattaM_HK
CSB,DEV,ZA,CSOVDEVSQL28\INS1,CSB_AluthwattaM_ZA
CSB,UAT,AU,"DEVSQLAG33L03,20000",CSB_UAT_AU
CSB,UAT,HK,"DEVSQLAG33L03,20000",CSB_UAT_HK
CSB,UAT,UK,"SQLCSBU1_L1,19055",CSB_UAT_UK
CSB,UAT,ZA,"SQLCSBU1_L1,19055",CSB_UAT_ZA
CSB,UAT,US,COSSQLU22_L1,CSB_UAT_US
CSB,UAT,CA,COSSQLU22_L1,CSB_UAT_CA
CSB,HANDOVER,AU,CSODEVSQL42I10\INS10,CSB_HO_AU
CSB,HANDOVER,HK,CSODEVSQL42I10\INS10,CSB_HO_HK
CSB,HANDOVER,UK,CSESQL5CUAT2\UAT2,CSB_HO_UK
CSB,HANDOVER,ZA,CSESQL5CUAT2\UAT2,CSB_HO_ZA
CSB,HANDOVER,US,CSACWEBSQLU10C\WEB,CSB_HO_US
CSB,HANDOVER,CA,CSACWEBSQLU10C\WEB,CSB_HO_CA