﻿<?xml version="1.0" encoding="UTF-8"?>
<versions product="CI">
	<version major="4" minor="3" delta="0" build="23" revision="0"> 		
		<components>
			<component name = "Account" label = "End of Development - Account Services V1.7.3" />
			<component name = "Membership" label = "End of Development - Membership 1.6.2" />
		</components>
	</version>
	<version major="4" minor="3" delta="0" build="24" revision="0"> 		
		<components>
			<component name = "Account" label = "End of Development - Account Services V1.7.4" />
		</components>
	</version>
	<version major="4" minor="3" delta="0" build="25" revision="0"> 		
		<components>
			<component name = "CISTAAdmin" label = "End of Development - CISTAAdmin 1.3.2" />
			<component name = "Updater" label = "End of Development - Updater 1.3.1" />
		</components>
	</version>
	<version major="4" minor="3" delta="0" build="26" revision="0"> 		
		<components>
			<component name = "Account" label = "End of Development - Account Services V1.7.5" />
		</components>
	</version>
	<version major="4" minor="3" delta="0" build="27" revision="0"> 		
		<components>
			<component name = "Account" label = "End of Development - Account Services V1.7.6" />
		</components>
	</version>
	<version major="4" minor="3" delta="0" build="28" revision="0"> 		
		<components>
			<component name = "MatcherNAMEADDR" label = "End of Development - MatcherNAMEADDR 1.2.2" />
			<component name = "Processor" label = "End of Development - Processor 1.4.1" />
			<component name = "Updater" label = "End of Development - Updater 1.4.1" />
		</components>
	</version>
	<version major="4" minor="3" delta="0" build="29" revision="0"> 		
		<components>
			<component name = "CISTAAdmin" label = "End of Development - CISTAAdmin 1.4.1" />
			<component name = "Driver" label = "End of Development - Driver 1.3.1" />
			<component name = "Updater" label = "End of Development - Updater 1.4.2" />
		</components>
	</version>
	<version major="4" minor="3" delta="0" build="30" revision="0"> 		
		<components>
			<component name = "Account" label = "End of Development - Account Services V1.8.1" />
			<component name = "Membership" label = "End of Development – Membership 1.7.0" />
		</components>
	</version>
	<version major="4" minor="3" delta="0" build="31" revision="0"> 		
		<components>
			<component name = "Account" label = "End of Development - Account Services V1.8.2" />
			<component name = "MatcherCompanyGroup" label = "End of Development - MatcherCompanyGroup 1.2.1" />
			<component name = "Cosmos Investor" label = "End of Development - CIM V4.8.1" />
		</components>
	</version>
	<version major="4" minor="3" delta="0" build="32" revision="0"> 		
		<components>
			<component name = "Driver" label = "End of Development - Driver 1.3.3" />
			<component name = "Processor" label = "End of Development - Processor 1.5.1" />
			<component name = "Updater" label = "End of Development - Updater 1.5.1" />
		</components>
	</version>
	<version major="4" minor="3" delta="0" build="33" revision="0"> 		
		<components>
			<component name = "Account" label = "End of Development - Account Services V1.8.3" />
		</components>
	</version>
	<version major="4" minor="3" delta="0" build="34" revision="0"> 		
		<components>
			<component name = "Cosmos Investor" label = "End of Development – CIM V4.9.0" />
			<component name = "Updater" label = "End of Development - Updater 1.6.1" />
		</components>
	</version>
	<version major="4" minor="3" delta="0" build="35" revision="0"> 		
		<components>
			<component name = "MatcherNAMEADDR" label = "End of Development - MatcherNAMEADDR 1.3.2" />
			<component name = "Updater" label = "End of Development - Updater 1.6.4" />
		</components>
	</version>
	<version major="4" minor="3" delta="0" build="36" revision="0"> 		
		<components>
			<component name = "MatcherNAMEADDR" label = "End of Development - MatcherNAMEADDR 1.3.3" />
			<component name = "Processor" label = "End of Development - Processor 1.5.4" />
			<component name = "Cosmos Investor" label = "End of Development - CIM 4.9.1" />
		</components>
	</version>
</versions>
