ObjectName	IndexName	Reads	Writes	IndexType
BusinessTransactions	IE__BusinessTransactions_DatetimeModified	0	1418	NONCLUSTERED
BusinessTransactions	BusinessTransactions__AK1	0	1418	NONCLUSTERED
BusinessTransactions	BusinessTransactions__IE1	0	1418	NONCLUSTERED
CCI_AllMailingAdditionalDispatchDates_Incremental	CCI_AllMailingAdditionalDispatchDates_Incremental__AK1	0	2	NONCLUSTERED
CCI_AllPaymentDomicileOptionalCurrencies_Incremental	CCI_AllPaymentDomicileOptionalCurrencies_Incremental_AK1	0	2	NONCLUSTERED
CompanyGroups	IE__CompanyGroups_DatetimeModified	0	3	NONCLUSTERED
CompanyHoldingSubModes	IE__CompanyHoldingSubModes_DatetimeModified	0	33	NONCLUSTERED
CompanyProfileDocumentAudits	CompanyProfileDocumentAudits__IE1	0	70	NONCLUSTERED
CompanyProfileEvents	CompanyProfileEvents__IE2	0	69	NONCLUSTERED
CompanyProfileWebSites	IE__CompanyProfileWebSites_rcguid	0	0	NONCLUSTERED
M_PaymentAuthorities	IE__M_PaymentAuthorities_DatetimeModified	0	38	NONCLUSTERED
M_PaymentAuthorities	M_PaymentAuthorities__IE1	0	37	NONCLUSTERED
M_PaymentAuthorities	M_PaymentAuthorities__IE2	0	37	NONCLUSTERED
M_PaymentAuthorities	M_PaymentAuthorities__IE3	0	37	NONCLUSTERED
M_PaymentAuthorities	M_PaymentAuthorities_IE4	0	38	NONCLUSTERED
Operators	IE__Operators_DatetimeModified	0	6	NONCLUSTERED
ServiceProviderAreas	IE__ServiceProviderAreas_DatetimeModified	0	1	NONCLUSTERED
ServiceProviderBranches	IE__ServiceProviderBranches_DatetimeModified	0	2	NONCLUSTERED
SystemSecurityRegisters	SystemSecurityRegisters__IE4	0	476	NONCLUSTERED
SystemTransactions	IE__SystemTransactions_DatetimeModified	0	3571	NONCLUSTERED
SystemTransactions	SystemTransactions__IE1	0	3571	NONCLUSTERED
z_CompanyGroups	IE__z_CompanyGroups_DatetimeModified	0	3	NONCLUSTERED
z_CompanyGroups	IE__z_CompanyGroups_DateTimeModifiedUTC	0	3	NONCLUSTERED
z_CompanyHoldingSubModes	IE__z_CompanyHoldingSubModes_DatetimeModified	0	26	NONCLUSTERED
z_CompanyProfileComments	IE__z_CompanyProfileComments_DatetimeModified	0	319	NONCLUSTERED
z_CompanyProfileEventSecurities	IE__z_CompanyProfileEventSecurities_DatetimeModified	0	17	NONCLUSTERED
z_CompanyProfileMeetings	Z_CompanyProfileMeetings__IE1	0	133	NONCLUSTERED
z_CompanyProfileMeetingSecurities	Z_CompanyProfileMeetingSecurities__IE1	0	303	NONCLUSTERED
Z_CompanyProfileRegistrations	IE__z_CompanyRegistrations_DatetimeModified	0	7	NONCLUSTERED
z_CompanyProfiles	IE__z_CompanyProfiles_DateTimeModifiedUTC	0	31	NONCLUSTERED
z_CompanyProfiles	IE__z_CompanyProfiles_IncorporationCountryID	0	31	NONCLUSTERED
z_CompanyProfileWebSites	IE__z_CompanyProfileWebSites_rcguid	0	0	NONCLUSTERED
z_CompanyPublicationOptions	IE__z_CompanyPublicationOptions_DatetimeModified	0	15	NONCLUSTERED
z_CompanyRegisterSecuritySubModes	IE__z_CompanyRegisterSecuritySubModes_DatetimeModified	0	10	NONCLUSTERED
z_CompanyTaxRegimes	IE__z_CompanyTaxRegimes_DatetimeModified	0	15	NONCLUSTERED
z_Operators	IE__z_Operators_DatetimeModified	0	6	NONCLUSTERED
z_SecurityCorporateActions	Z_SecurityCorporateActions__IE1	0	24	NONCLUSTERED
z_ServiceProviderAreas	IE__z_ServiceProviderAreas_DatetimeModified	0	1	NONCLUSTERED
z_ServiceProviderBranches	IE__z_ServiceProviderBranches_DatetimeModified	0	2	NONCLUSTERED
z_SystemCompanies	IE__z_SystemCompanies_DateTimeModifiedUTC	0	66	NONCLUSTERED
z_SystemCompanyDetails	IE__z_SystemCompanyDetails_DateTimeModifiedUTC	0	55	NONCLUSTERED
Z_SystemCompanyPlans	IE__z_CompanyProfilePlans_DatetimeModified	0	7	NONCLUSTERED
Z_SystemCompanyPlanSecurities	IE__z_CompanyProfilePlanSecurities_DatetimeModified	0	8	NONCLUSTERED
z_SystemCompanyServices	IE__z_SystemCompanyServices_DateTimeModifiedUTC	0	28	NONCLUSTERED
Z_SystemSecurities	Z_systemsecurities_IE1	0	853	NONCLUSTERED
Z_SystemSecurityRegisters	IE__z_CompanySystemRegisterSecurities_DatetimeModified	0	448	NONCLUSTERED
Z_SystemSecurityRegisters	IE__z_SystemSecurityRegisters_DateTimeModifiedUTC	0	448	NONCLUSTERED
Z_SystemSecurityRegisters	IE__z_SystemSecurityRegisters_SystemSecurityID	0	448	NONCLUSTERED
zDBA_RebuildInefficientIndexesHistory_2005	zDBA_RebuildInefficientIndexesHistory_2005__AK3	0	1	NONCLUSTERED
zDBA_RebuildInefficientIndexesHistory_2005	zDBA_RebuildInefficientIndexesHistory_2005__AK2	0	1	NONCLUSTERED
zDBA_RebuildInefficientIndexesHistory_2005	zDBA_RebuildInefficientIndexesHistory_2005__AK1	0	1	NONCLUSTERED
