<Solution>

  <SlnToBuild> .\MA_sln\MA.sln </SlnToBuild>
  <ConfigToBuild>  Release </ConfigToBuild>
  <BuildBitsOutputFolder>
    .\MA\MA_Setup\($ConfigToBuild)
  </BuildBitsOutputFolder>

  <MappedDrive>
    <Drive> M: </Drive>
    <MapTo> \\melyw0599\Datashare\TFS </MapTo>
  </MappedDrive>

  <TFSproject >
    <ProjName> $/DBA OCEANIA/Development/Applications/TestMA </ProjName>
    <ProjLocalDir> .TFS_MA\code </ProjLocalDir>
    <ProjTreeToGet> $/DBA OCEANIA/Development/Applications/TestMA </ProjTreeToGet>
    <Label> v1.1 </Label>
  </TFSproject>

</Solution>