﻿<?xml version="1.0" encoding="UTF-8"?>
<tfspath>
	<components>
			<component name = "Cosmos Investor" tfspath = "$/Investor/Development/Cosmos Investor/Trunk/Code/SQL Objects" />
			<component name = "Launcher" tfspath = "$/Investor/Development/Application/Launcher/Trunk/Code/SQL Objects" />
			<component name = "MatcherCompanyGroup" tfspath = "$/Investor/Development/Application/MatcherCompanyGroup/Trunk/Code/SQL Objects" />
			<component name = "AdminSite" tfspath = "$/Investor/Development/CISTA/AdminSite/Trunk/Code/SQL Objects" />
			<component name = "Driver" tfspath = "$/Investor/Development/CISTA/Driver/Trunk/Code/SQL Objects" />
			<component name = "MatcherNAMEADDR" tfspath = "$/Investor/Development/CISTA/MatcherNAMEADDR/Trunk/Code/SQL Objects" />
			<component name = "Processor" tfspath = "$/Investor/Development/CISTA/Processor/Trunk/Code/SQL Objects" />
			<component name = "Updater" tfspath = "$/Investor/Development/CISTA/Updater/Trunk/Code/SQL Objects" />
			<component name = "Account" tfspath = "$/Investor/Development/Investor Interface/Account/Trunk/Code/SQL Objects" />
			<component name = "Custodian" tfspath = "$/Investor/Development/Investor Interface/Custodian/Trunk/Code/SQL Objects" />
			<component name = "DividendReinvestmentPlans" tfspath = "$/Investor/Development/Investor Interface/DividendReinvestmentPlans/Trunk/Code/SQL Objects" />
			<component name = "Membership" tfspath = "$/Investor/Development/Investor Interface/Membership/Trunk/Code/SQL Objects" />
	</components>
</tfspath>
