<Solution>
  <SlnToBuild> .\BEETLE\BEETLE_sln\BEETLE.sln </SlnToBuild>
  <ConfigToBuild>  Release </ConfigToBuild>
  <BuildBitsOutputFolder>
    .\BEETLE\BEETLE_sln\projects\BEETLE_Setup\($ConfigToBuild)
  </BuildBitsOutputFolder>

  <MappedDrive>
    <Drive> M: </Drive>
    <MapTo> \\melyw0599\datashare\TFS </MapTo>
  </MappedDrive>

  <TFSproject >
    <ProjName> $/DBA OCEANIA/Development/Applications/TestMA </ProjName>
    <ProjLocalDir> .\BEETLE\code </ProjLocalDir>
    <ProjTreeToGet> $/DBA OCEANIA/Development/Applications/TestMA </ProjTreeToGet>
    <Label> Manoj Test v1.0 </Label>
  </TFSproject>
</Solution>